system,workload,done,tot,peak,fan_ms,score,corr,n,ts
forkserve,game24,8,1362,781,130.0,1.0,8,8,2026-09-13 22:35:28
forkserve,game24,16,1362,783,132.0,0.938,15,16,2026-09-13 22:35:32
forkserve,game24,24,1362,784,131.0,0.875,21,24,2026-09-13 22:35:36
forkserve,game24,32,1362,782,129.0,0.75,24,32,2026-09-13 22:35:40
forkserve,game24,40,1362,791,130.0,0.725,29,40,2026-09-13 22:35:44
forkserve,game24,48,1362,789,134.0,0.688,33,48,2026-09-13 22:35:48
forkserve,game24,56,1362,787,132.0,0.661,37,56,2026-09-13 22:35:51
forkserve,game24,64,1362,793,130.0,0.625,40,64,2026-09-13 22:35:55
forkserve,game24,72,1362,788,132.0,0.625,45,72,2026-09-13 22:35:59
forkserve,game24,80,1362,785,134.0,0.625,50,80,2026-09-13 22:36:03
forkserve,game24,88,1362,786,124.0,0.625,55,88,2026-09-13 22:36:07
forkserve,game24,96,1362,784,134.0,0.615,59,96,2026-09-13 22:36:11
forkserve,game24,104,1362,784,131.0,0.606,63,104,2026-09-13 22:36:15
forkserve,game24,112,1362,782,121.0,0.58,65,112,2026-09-13 22:36:19
forkserve,gsm8k,8,1319,1014,151.0,0.75,6,8,2026-09-13 22:16:30
forkserve,gsm8k,16,1319,1112,149.0,0.812,13,16,2026-09-13 22:16:38
forkserve,gsm8k,24,1319,961,137.0,0.833,20,24,2026-09-13 22:16:45
forkserve,gsm8k,32,1319,1008,143.0,0.844,27,32,2026-09-13 22:16:52
forkserve,gsm8k,40,1319,941,134.0,0.875,35,40,2026-09-13 22:16:59
forkserve,gsm8k,48,1319,1182,153.0,0.896,43,48,2026-09-13 22:17:06
forkserve,gsm8k,56,1319,1012,148.0,0.857,48,56,2026-09-13 22:17:13
forkserve,gsm8k,64,1319,1027,142.0,0.844,54,64,2026-09-13 22:17:21
forkserve,gsm8k,72,1319,990,135.0,0.833,60,72,2026-09-13 22:17:28
forkserve,gsm8k,80,1319,1062,142.0,0.825,66,80,2026-09-13 22:17:35
forkserve,gsm8k,88,1319,982,142.0,0.818,72,88,2026-09-13 22:17:43
forkserve,gsm8k,96,1319,992,134.0,0.833,80,96,2026-09-13 22:17:48
forkserve,gsm8k,104,1319,1117,154.0,0.837,87,104,2026-09-13 22:17:55
forkserve,gsm8k,112,1319,1087,144.0,0.839,94,112,2026-09-13 22:18:02
forkserve,gsm8k,120,1319,1056,141.0,0.817,98,120,2026-09-13 22:18:10
forkserve,gsm8k,128,1319,1021,137.0,0.828,106,128,2026-09-13 22:18:15
forkserve,gsm8k,136,1319,966,127.0,0.831,113,136,2026-09-13 22:18:22
forkserve,gsm8k,144,1319,972,134.0,0.84,121,144,2026-09-13 22:18:28
forkserve,gsm8k,152,1319,1232,151.0,0.836,127,152,2026-09-13 22:18:36
forkserve,gsm8k,160,1319,1128,152.0,0.838,134,160,2026-09-13 22:18:43
forkserve,gsm8k,168,1319,1053,145.0,0.845,142,168,2026-09-13 22:18:49
forkserve,gsm8k,176,1319,1025,137.0,0.852,150,176,2026-09-13 22:18:53
forkserve,gsm8k,184,1319,1089,141.0,0.848,156,184,2026-09-13 22:19:00
forkserve,gsm8k,192,1319,992,141.0,0.844,162,192,2026-09-13 22:19:07
forkserve,gsm8k,200,1319,1056,141.0,0.845,169,200,2026-09-13 22:19:15
forkserve,gsm8k,208,1319,1099,150.0,0.846,176,208,2026-09-13 22:19:22
forkserve,gsm8k,216,1319,1036,141.0,0.852,184,216,2026-09-13 22:19:29
forkserve,gsm8k,224,1319,925,133.0,0.853,191,224,2026-09-13 22:19:36
forkserve,gsm8k,232,1319,1117,144.0,0.849,197,232,2026-09-13 22:19:43
forkserve,gsm8k,240,1319,983,142.0,0.85,204,240,2026-09-13 22:19:51
forkserve,gsm8k,248,1319,1060,144.0,0.851,211,248,2026-09-13 22:19:58
forkserve,gsm8k,256,1319,948,139.0,0.848,217,256,2026-09-13 22:20:05
forkserve,gsm8k,264,1319,922,139.0,0.848,224,264,2026-09-13 22:20:12
forkserve,gsm8k,272,1319,1063,145.0,0.831,226,272,2026-09-13 22:20:20
forkserve,gsm8k,280,1319,1037,142.0,0.832,233,280,2026-09-13 22:20:27
forkserve,gsm8k,288,1319,996,134.0,0.833,240,288,2026-09-13 22:20:34
forkserve,gsm8k,296,1319,1063,144.0,0.838,248,296,2026-09-13 22:20:41
forkserve,gsm8k,304,1319,1105,152.0,0.836,254,304,2026-09-13 22:20:48
forkserve,gsm8k,312,1319,1001,136.0,0.83,259,312,2026-09-13 22:20:56
forkserve,gsm8k,320,1319,982,135.0,0.831,266,320,2026-09-13 22:21:03
forkserve,gsm8k,328,1319,1051,134.0,0.835,274,328,2026-09-13 22:21:10
forkserve,gsm8k,336,1319,1061,141.0,0.839,282,336,2026-09-13 22:21:15
forkserve,gsm8k,344,1319,1053,135.0,0.837,288,344,2026-09-13 22:21:22
forkserve,gsm8k,352,1319,1025,141.0,0.841,296,352,2026-09-13 22:21:27
forkserve,gsm8k,360,1319,1093,143.0,0.842,303,360,2026-09-13 22:21:34
forkserve,gsm8k,368,1319,1063,141.0,0.842,310,368,2026-09-13 22:21:41
forkserve,gsm8k,376,1319,1007,141.0,0.84,316,376,2026-09-13 22:21:49
forkserve,gsm8k,384,1319,973,135.0,0.839,322,384,2026-09-13 22:21:56
forkserve,gsm8k,392,1319,1019,134.0,0.839,329,392,2026-09-13 22:22:03
forkserve,gsm8k,400,1319,953,126.0,0.84,336,400,2026-09-13 22:22:11
forkserve,gsm8k,408,1319,1062,136.0,0.838,342,408,2026-09-13 22:22:18
forkserve,gsm8k,416,1319,1173,155.0,0.837,348,416,2026-09-13 22:22:25
forkserve,gsm8k,424,1319,1155,152.0,0.837,355,424,2026-09-13 22:22:33
forkserve,gsm8k,432,1319,1115,145.0,0.836,361,432,2026-09-13 22:22:40
forkserve,gsm8k,440,1319,1042,136.0,0.839,369,440,2026-09-13 22:22:46
forkserve,gsm8k,448,1319,1044,135.0,0.839,376,448,2026-09-13 22:22:53
forkserve,gsm8k,456,1319,1010,131.0,0.84,383,456,2026-09-13 22:22:58
forkserve,gsm8k,464,1319,1026,139.0,0.841,390,464,2026-09-13 22:23:05
forkserve,gsm8k,472,1319,1016,135.0,0.839,396,472,2026-09-13 22:23:12
forkserve,gsm8k,480,1319,967,140.0,0.84,403,480,2026-09-13 22:23:20
forkserve,gsm8k,488,1319,988,135.0,0.842,411,488,2026-09-13 22:23:24
forkserve,gsm8k,496,1319,988,140.0,0.837,415,496,2026-09-13 22:23:31
forkserve,gsm8k,504,1319,1017,143.0,0.839,423,504,2026-09-13 22:23:36
forkserve,gsm8k,512,1319,1069,147.0,0.838,429,512,2026-09-13 22:23:43
forkserve,gsm8k,520,1319,896,128.0,0.837,435,520,2026-09-13 22:23:50
forkserve,gsm8k,528,1319,1127,149.0,0.831,439,528,2026-09-13 22:23:58
forkserve,gsm8k,536,1319,1027,134.0,0.832,446,536,2026-09-13 22:24:05
forkserve,gsm8k,544,1319,988,139.0,0.833,453,544,2026-09-13 22:24:12
forkserve,gsm8k,552,1319,972,140.0,0.835,461,552,2026-09-13 22:24:20
forkserve,gsm8k,560,1319,985,141.0,0.836,468,560,2026-09-13 22:24:27
forkserve,gsm8k,568,1319,990,136.0,0.836,475,568,2026-09-13 22:24:34
forkserve,gsm8k,576,1319,1081,151.0,0.839,483,576,2026-09-13 22:24:40
forkserve,gsm8k,584,1319,1031,135.0,0.837,489,584,2026-09-13 22:24:47
forkserve,gsm8k,592,1319,1176,153.0,0.838,496,592,2026-09-13 22:24:55
forkserve,gsm8k,600,1319,959,127.0,0.838,503,600,2026-09-13 22:25:02
forkserve,gsm8k,608,1319,1071,142.0,0.837,509,608,2026-09-13 22:25:09
forkserve,gsm8k,616,1319,1057,133.0,0.836,515,616,2026-09-13 22:25:17
forkserve,gsm8k,624,1319,1018,139.0,0.838,523,624,2026-09-13 22:25:21
forkserve,gsm8k,632,1319,1006,142.0,0.839,530,632,2026-09-13 22:25:28
forkserve,gsm8k,640,1319,932,134.0,0.839,537,640,2026-09-13 22:25:35
forkserve,gsm8k,648,1319,1053,142.0,0.841,545,648,2026-09-13 22:25:41
forkserve,gsm8k,656,1319,1076,151.0,0.84,551,656,2026-09-13 22:25:48
forkserve,gsm8k,664,1319,1055,135.0,0.84,558,664,2026-09-13 22:25:55
forkserve,gsm8k,672,1319,983,136.0,0.841,565,672,2026-09-13 22:26:02
forkserve,gsm8k,680,1319,1045,135.0,0.841,572,680,2026-09-13 22:26:10
forkserve,gsm8k,688,1319,1013,141.0,0.839,577,688,2026-09-13 22:26:17
forkserve,gsm8k,696,1319,1039,136.0,0.839,584,696,2026-09-13 22:26:25
forkserve,gsm8k,704,1319,1172,150.0,0.841,592,704,2026-09-13 22:26:32
forkserve,gsm8k,712,1319,968,135.0,0.841,599,712,2026-09-13 22:26:39
forkserve,gsm8k,720,1319,980,134.0,0.842,606,720,2026-09-13 22:26:46
forkserve,gsm8k,728,1319,1125,146.0,0.843,614,728,2026-09-13 22:26:51
forkserve,gsm8k,736,1319,1013,137.0,0.844,621,736,2026-09-13 22:26:58
forkserve,gsm8k,744,1319,992,140.0,0.845,629,744,2026-09-13 22:27:06
forkserve,gsm8k,752,1319,1101,140.0,0.844,635,752,2026-09-13 22:27:13
forkserve,gsm8k,760,1319,1007,141.0,0.842,640,760,2026-09-13 22:27:20
forkserve,gsm8k,768,1319,982,135.0,0.84,645,768,2026-09-13 22:27:28
forkserve,gsm8k,776,1319,1056,133.0,0.839,651,776,2026-09-13 22:27:35
forkserve,gsm8k,784,1319,1127,139.0,0.838,657,784,2026-09-13 22:27:42
forkserve,gsm8k,792,1319,1044,134.0,0.837,663,792,2026-09-13 22:27:50
forkserve,gsm8k,800,1319,1064,144.0,0.835,668,800,2026-09-13 22:27:57
forkserve,gsm8k,808,1319,1036,140.0,0.837,676,808,2026-09-13 22:28:01
forkserve,gsm8k,816,1319,1205,159.0,0.836,682,816,2026-09-13 22:28:09
forkserve,gsm8k,824,1319,1022,133.0,0.835,688,824,2026-09-13 22:28:16
forkserve,gsm8k,832,1319,1106,148.0,0.834,694,832,2026-09-13 22:28:23
forkserve,gsm8k,840,1319,1064,135.0,0.833,700,840,2026-09-13 22:28:31
forkserve,gsm8k,848,1319,962,135.0,0.834,707,848,2026-09-13 22:28:38
forkserve,gsm8k,856,1319,973,135.0,0.835,715,856,2026-09-13 22:28:45
forkserve,gsm8k,864,1319,1004,139.0,0.837,723,864,2026-09-13 22:28:53
forkserve,gsm8k,872,1319,1027,142.0,0.838,731,872,2026-09-13 22:28:58
forkserve,gsm8k,880,1319,999,141.0,0.839,738,880,2026-09-13 22:29:05
forkserve,gsm8k,888,1319,1033,140.0,0.839,745,888,2026-09-13 22:29:12
forkserve,gsm8k,896,1319,987,135.0,0.839,752,896,2026-09-13 22:29:20
forkserve,gsm8k,904,1319,1012,139.0,0.84,759,904,2026-09-13 22:29:27
forkserve,gsm8k,912,1319,897,132.0,0.84,766,912,2026-09-13 22:29:34
forkserve,gsm8k,920,1319,1021,134.0,0.841,774,920,2026-09-13 22:29:38
forkserve,gsm8k,928,1319,1169,152.0,0.843,782,928,2026-09-13 22:29:43
forkserve,gsm8k,936,1319,1118,140.0,0.844,790,936,2026-09-13 22:29:48
forkserve,gsm8k,944,1319,1106,147.0,0.843,796,944,2026-09-13 22:29:55
forkserve,gsm8k,952,1319,1028,139.0,0.843,803,952,2026-09-13 22:30:02
forkserve,gsm8k,960,1319,1068,139.0,0.843,809,960,2026-09-13 22:30:09
forkserve,gsm8k,968,1319,1202,157.0,0.843,816,968,2026-09-13 22:30:17
forkserve,gsm8k,976,1319,1002,139.0,0.844,824,976,2026-09-13 22:30:24
forkserve,gsm8k,984,1319,996,134.0,0.845,831,984,2026-09-13 22:30:30
forkserve,gsm8k,992,1319,1058,144.0,0.845,838,992,2026-09-13 22:30:37
forkserve,gsm8k,1000,1319,1138,141.0,0.846,846,1000,2026-09-13 22:30:45
forkserve,gsm8k,1008,1319,1137,142.0,0.845,852,1008,2026-09-13 22:30:52
forkserve,gsm8k,1016,1319,1225,150.0,0.844,858,1016,2026-09-13 22:30:59
forkserve,gsm8k,1024,1319,994,138.0,0.844,864,1024,2026-09-13 22:31:07
forkserve,gsm8k,1032,1319,1144,149.0,0.843,870,1032,2026-09-13 22:31:14
forkserve,gsm8k,1040,1319,1082,138.0,0.843,877,1040,2026-09-13 22:31:22
forkserve,gsm8k,1048,1319,1013,130.0,0.844,884,1048,2026-09-13 22:31:27
forkserve,gsm8k,1056,1319,993,133.0,0.844,891,1056,2026-09-13 22:31:34
forkserve,gsm8k,1064,1319,971,132.0,0.845,899,1064,2026-09-13 22:31:39
forkserve,gsm8k,1072,1319,1077,140.0,0.846,907,1072,2026-09-13 22:31:45
forkserve,gsm8k,1080,1319,1158,152.0,0.844,911,1080,2026-09-13 22:31:53
forkserve,gsm8k,1088,1319,1015,137.0,0.843,917,1088,2026-09-13 22:32:00
forkserve,gsm8k,1096,1319,1087,140.0,0.844,925,1096,2026-09-13 22:32:07
forkserve,gsm8k,1104,1319,1062,139.0,0.844,932,1104,2026-09-13 22:32:14
forkserve,gsm8k,1112,1319,933,133.0,0.845,940,1112,2026-09-13 22:32:22
forkserve,gsm8k,1120,1319,997,138.0,0.846,947,1120,2026-09-13 22:32:27
forkserve,gsm8k,1128,1319,1041,133.0,0.845,953,1128,2026-09-13 22:32:34
forkserve,gsm8k,1136,1319,1010,139.0,0.846,961,1136,2026-09-13 22:32:41
forkserve,gsm8k,1144,1319,1012,130.0,0.845,967,1144,2026-09-13 22:32:49
forkserve,gsm8k,1152,1319,977,137.0,0.846,975,1152,2026-09-13 22:32:56
forkserve,gsm8k,1160,1319,1001,137.0,0.845,980,1160,2026-09-13 22:33:04
forkserve,gsm8k,1168,1319,1023,136.0,0.844,986,1168,2026-09-13 22:33:11
forkserve,gsm8k,1176,1319,1089,142.0,0.844,992,1176,2026-09-13 22:33:18
forkserve,gsm8k,1184,1319,1089,140.0,0.843,998,1184,2026-09-13 22:33:26
forkserve,gsm8k,1192,1319,965,131.0,0.841,1003,1192,2026-09-13 22:33:33
forkserve,gsm8k,1200,1319,1218,152.0,0.842,1010,1200,2026-09-13 22:33:40
forkserve,gsm8k,1208,1319,1030,140.0,0.841,1016,1208,2026-09-13 22:33:48
forkserve,gsm8k,1216,1319,1135,149.0,0.842,1024,1216,2026-09-13 22:33:53
forkserve,gsm8k,1224,1319,1085,143.0,0.842,1031,1224,2026-09-13 22:34:01
forkserve,gsm8k,1232,1319,998,140.0,0.842,1037,1232,2026-09-13 22:34:08
forkserve,gsm8k,1240,1319,985,133.0,0.842,1044,1240,2026-09-13 22:34:15
forkserve,gsm8k,1248,1319,1065,138.0,0.843,1052,1248,2026-09-13 22:34:22
forkserve,gsm8k,1256,1319,1142,147.0,0.843,1059,1256,2026-09-13 22:34:30
forkserve,gsm8k,1264,1319,1129,152.0,0.844,1067,1264,2026-09-13 22:34:35
forkserve,gsm8k,1272,1319,1088,146.0,0.844,1074,1272,2026-09-13 22:34:43
forkserve,gsm8k,1280,1319,1035,133.0,0.845,1082,1280,2026-09-13 22:34:48
forkserve,gsm8k,1288,1319,1016,133.0,0.846,1090,1288,2026-09-13 22:34:55
forkserve,gsm8k,1296,1319,1024,141.0,0.846,1097,1296,2026-09-13 22:35:02
forkserve,gsm8k,1304,1319,1085,141.0,0.846,1103,1304,2026-09-13 22:35:10
forkserve,gsm8k,1312,1319,1074,139.0,0.845,1108,1312,2026-09-13 22:35:17
forkserve,gsm8k,1319,1319,844,122.0,0.845,1114,1319,2026-09-13 22:35:24
vllm_apc,game24,8,1362,1277,104.0,1.0,8,8,2026-09-13 22:00:39
vllm_apc,game24,16,1362,1279,106.0,0.938,15,16,2026-09-13 22:00:43
vllm_apc,game24,24,1362,1280,105.0,0.833,20,24,2026-09-13 22:00:47
vllm_apc,game24,32,1362,1278,104.0,0.688,22,32,2026-09-13 22:00:51
vllm_apc,game24,40,1362,1287,106.0,0.675,27,40,2026-09-13 22:00:55
vllm_apc,game24,48,1362,1285,106.0,0.667,32,48,2026-09-13 22:00:59
vllm_apc,game24,56,1362,1283,106.0,0.643,36,56,2026-09-13 22:01:03
vllm_apc,game24,64,1362,1289,107.0,0.625,40,64,2026-09-13 22:01:07
vllm_apc,game24,72,1362,1284,105.0,0.625,45,72,2026-09-13 22:01:11
vllm_apc,game24,80,1362,1281,105.0,0.613,49,80,2026-09-13 22:01:15
vllm_apc,game24,88,1362,1282,106.0,0.614,54,88,2026-09-13 22:01:18
vllm_apc,game24,96,1362,1280,105.0,0.594,57,96,2026-09-13 22:01:22
vllm_apc,game24,104,1362,1280,104.0,0.587,61,104,2026-09-13 22:01:26
vllm_apc,game24,112,1362,1278,105.0,0.58,65,112,2026-09-13 22:01:30
vllm_apc,game24,120,1362,1283,105.0,0.575,69,120,2026-09-13 22:01:34
vllm_apc,game24,128,1362,1280,105.0,0.586,75,128,2026-09-13 22:01:38
vllm_apc,game24,136,1362,1288,106.0,0.603,82,136,2026-09-13 22:01:42
vllm_apc,game24,144,1362,1281,105.0,0.604,87,144,2026-09-13 22:01:46
vllm_apc,game24,152,1362,1290,106.0,0.612,93,152,2026-09-13 22:01:50
vllm_apc,game24,160,1362,1286,107.0,0.6,96,160,2026-09-13 22:01:54
vllm_apc,game24,168,1362,1283,105.0,0.589,99,168,2026-09-13 22:01:58
vllm_apc,game24,176,1362,1276,104.0,0.591,104,176,2026-09-13 22:02:02
vllm_apc,game24,184,1362,1283,112.0,0.592,109,184,2026-09-13 22:02:06
vllm_apc,game24,192,1362,1280,106.0,0.578,111,192,2026-09-13 22:02:10
vllm_apc,game24,200,1362,1282,115.0,0.57,114,200,2026-09-13 22:02:14
vllm_apc,game24,208,1362,1290,109.0,0.548,114,208,2026-09-13 22:02:18
vllm_apc,game24,216,1362,1282,105.0,0.551,119,216,2026-09-13 22:02:22
vllm_apc,game24,224,1362,1283,107.0,0.54,121,224,2026-09-13 22:02:26
vllm_apc,game24,232,1362,1280,114.0,0.526,122,232,2026-09-13 22:02:30
vllm_apc,game24,240,1362,1281,106.0,0.525,126,240,2026-09-13 22:02:34
vllm_apc,game24,248,1362,1283,103.0,0.528,131,248,2026-09-13 22:02:38
vllm_apc,game24,256,1362,1286,113.0,0.516,132,256,2026-09-13 22:02:42
vllm_apc,game24,264,1362,1279,114.0,0.511,135,264,2026-09-13 22:02:46
vllm_apc,game24,272,1362,1279,114.0,0.504,137,272,2026-09-13 22:02:50
vllm_apc,game24,280,1362,1283,107.0,0.5,140,280,2026-09-13 22:02:53
vllm_apc,game24,288,1362,1281,105.0,0.5,144,288,2026-09-13 22:02:57
vllm_apc,game24,296,1362,1284,109.0,0.493,146,296,2026-09-13 22:03:01
vllm_apc,game24,304,1362,1283,105.0,0.49,149,304,2026-09-13 22:03:05
vllm_apc,game24,312,1362,1287,109.0,0.494,154,312,2026-09-13 22:03:09
vllm_apc,game24,320,1362,1281,107.0,0.497,159,320,2026-09-13 22:03:13
vllm_apc,game24,328,1362,1279,106.0,0.503,165,328,2026-09-13 22:03:17
vllm_apc,game24,336,1362,1277,114.0,0.503,169,336,2026-09-13 22:03:21
vllm_apc,game24,344,1362,1282,114.0,0.494,170,344,2026-09-13 22:03:25
vllm_apc,game24,352,1362,1285,112.0,0.497,175,352,2026-09-13 22:03:29
vllm_apc,game24,360,1362,1280,108.0,0.492,177,360,2026-09-13 22:03:33
vllm_apc,game24,368,1362,1280,115.0,0.484,178,368,2026-09-13 22:03:37
vllm_apc,game24,376,1362,1283,106.0,0.479,180,376,2026-09-13 22:03:41
vllm_apc,game24,384,1362,1285,112.0,0.479,184,384,2026-09-13 22:03:45
vllm_apc,game24,392,1362,1282,105.0,0.477,187,392,2026-09-13 22:03:49
vllm_apc,game24,400,1362,1281,114.0,0.472,189,400,2026-09-13 22:03:53
vllm_apc,game24,408,1362,1287,105.0,0.471,192,408,2026-09-13 22:03:57
vllm_apc,game24,416,1362,1277,106.0,0.471,196,416,2026-09-13 22:04:01
vllm_apc,game24,424,1362,1280,114.0,0.472,200,424,2026-09-13 22:04:05
vllm_apc,game24,432,1362,1284,112.0,0.47,203,432,2026-09-13 22:04:09
vllm_apc,game24,440,1362,1279,104.0,0.466,205,440,2026-09-13 22:04:13
vllm_apc,game24,448,1362,1286,113.0,0.46,206,448,2026-09-13 22:04:17
vllm_apc,game24,456,1362,1280,106.0,0.456,208,456,2026-09-13 22:04:21
vllm_apc,game24,464,1362,1286,108.0,0.453,210,464,2026-09-13 22:04:25
vllm_apc,game24,472,1362,1279,114.0,0.447,211,472,2026-09-13 22:04:29
vllm_apc,game24,480,1362,1283,105.0,0.448,215,480,2026-09-13 22:04:33
vllm_apc,game24,488,1362,1280,109.0,0.447,218,488,2026-09-13 22:04:37
vllm_apc,game24,496,1362,1282,114.0,0.45,223,496,2026-09-13 22:04:42
vllm_apc,game24,504,1362,1280,104.0,0.446,225,504,2026-09-13 22:04:46
vllm_apc,game24,512,1362,1282,108.0,0.445,228,512,2026-09-13 22:04:50
vllm_apc,game24,520,1362,1283,105.0,0.444,231,520,2026-09-13 22:04:54
vllm_apc,game24,528,1362,1275,114.0,0.447,236,528,2026-09-13 22:04:58
vllm_apc,game24,536,1362,1283,114.0,0.446,239,536,2026-09-13 22:05:02
vllm_apc,game24,544,1362,1276,114.0,0.441,240,544,2026-09-13 22:05:06
vllm_apc,game24,552,1362,1280,97.0,0.438,242,552,2026-09-13 22:05:10
vllm_apc,game24,560,1362,1283,107.0,0.436,244,560,2026-09-13 22:05:14
vllm_apc,game24,568,1362,1285,112.0,0.433,246,568,2026-09-13 22:05:18
vllm_apc,game24,576,1362,1278,105.0,0.434,250,576,2026-09-13 22:05:22
vllm_apc,game24,584,1362,1280,106.0,0.43,251,584,2026-09-13 22:05:26
vllm_apc,game24,592,1362,1277,114.0,0.426,252,592,2026-09-13 22:05:30
vllm_apc,game24,600,1362,1280,105.0,0.425,255,600,2026-09-13 22:05:34
vllm_apc,game24,608,1362,1284,114.0,0.419,255,608,2026-09-13 22:05:38
vllm_apc,game24,616,1362,1279,126.0,0.417,257,616,2026-09-13 22:05:42
vllm_apc,game24,624,1362,1285,117.0,0.417,260,624,2026-09-13 22:05:46
vllm_apc,game24,632,1362,1277,105.0,0.413,261,632,2026-09-13 22:05:50
vllm_apc,game24,640,1362,1284,112.0,0.411,263,640,2026-09-13 22:05:54
vllm_apc,game24,648,1362,1278,114.0,0.407,264,648,2026-09-13 22:05:58
vllm_apc,game24,656,1362,1282,105.0,0.402,264,656,2026-09-13 22:06:02
vllm_apc,game24,664,1362,1281,114.0,0.402,267,664,2026-09-13 22:06:07
vllm_apc,game24,672,1362,1280,97.0,0.403,271,672,2026-09-13 22:06:11
vllm_apc,game24,680,1362,1281,113.0,0.401,273,680,2026-09-13 22:06:15
vllm_apc,game24,688,1362,1279,114.0,0.4,275,688,2026-09-13 22:06:19
vllm_apc,game24,696,1362,1279,106.0,0.397,276,696,2026-09-13 22:06:23
vllm_apc,game24,704,1362,1279,106.0,0.395,278,704,2026-09-13 22:06:27
vllm_apc,game24,712,1362,1284,112.0,0.392,279,712,2026-09-13 22:06:31
vllm_apc,game24,720,1362,1281,114.0,0.388,279,720,2026-09-13 22:06:35
vllm_apc,game24,728,1362,1279,103.0,0.383,279,728,2026-09-13 22:06:39
vllm_apc,game24,736,1362,1280,103.0,0.382,281,736,2026-09-13 22:06:43
vllm_apc,game24,744,1362,1280,114.0,0.383,285,744,2026-09-13 22:06:47
vllm_apc,game24,752,1362,1279,106.0,0.38,286,752,2026-09-13 22:06:51
vllm_apc,game24,760,1362,1280,104.0,0.379,288,760,2026-09-13 22:06:55
vllm_apc,game24,768,1362,1280,115.0,0.379,291,768,2026-09-13 22:06:59
vllm_apc,game24,776,1362,1283,104.0,0.376,292,776,2026-09-13 22:07:04
vllm_apc,game24,784,1362,1279,114.0,0.374,293,784,2026-09-13 22:07:08
vllm_apc,game24,792,1362,1279,114.0,0.37,293,792,2026-09-13 22:07:12
vllm_apc,game24,800,1362,1279,102.0,0.366,293,800,2026-09-13 22:07:16
vllm_apc,game24,808,1362,1284,104.0,0.365,295,808,2026-09-13 22:07:20
vllm_apc,game24,816,1362,1281,105.0,0.365,298,816,2026-09-13 22:07:24
vllm_apc,game24,824,1362,1276,114.0,0.364,300,824,2026-09-13 22:07:28
vllm_apc,game24,832,1362,1278,105.0,0.364,303,832,2026-09-13 22:07:32
vllm_apc,game24,840,1362,1279,110.0,0.365,307,840,2026-09-13 22:07:36
vllm_apc,game24,848,1362,1279,113.0,0.367,311,848,2026-09-13 22:07:40
vllm_apc,game24,856,1362,1277,106.0,0.364,312,856,2026-09-13 22:07:45
vllm_apc,game24,864,1362,1278,114.0,0.362,313,864,2026-09-13 22:07:49
vllm_apc,game24,872,1362,1278,104.0,0.36,314,872,2026-09-13 22:07:53
vllm_apc,game24,880,1362,1279,114.0,0.359,316,880,2026-09-13 22:07:57
vllm_apc,game24,888,1362,1284,104.0,0.358,318,888,2026-09-13 22:08:01
vllm_apc,game24,896,1362,1283,104.0,0.356,319,896,2026-09-13 22:08:05
vllm_apc,game24,904,1362,1278,114.0,0.355,321,904,2026-09-13 22:08:09
vllm_apc,game24,912,1362,1279,114.0,0.355,324,912,2026-09-13 22:08:13
vllm_apc,game24,920,1362,1277,115.0,0.355,327,920,2026-09-13 22:08:17
vllm_apc,game24,928,1362,1281,106.0,0.355,329,928,2026-09-13 22:08:22
vllm_apc,game24,936,1362,1281,114.0,0.353,330,936,2026-09-13 22:08:26
vllm_apc,game24,944,1362,1282,106.0,0.351,331,944,2026-09-13 22:08:30
vllm_apc,game24,952,1362,1279,113.0,0.349,332,952,2026-09-13 22:08:34
vllm_apc,game24,960,1362,1281,114.0,0.349,335,960,2026-09-13 22:08:38
vllm_apc,game24,968,1362,1282,108.0,0.346,335,968,2026-09-13 22:08:42
vllm_apc,game24,976,1362,1280,104.0,0.343,335,976,2026-09-13 22:08:46
vllm_apc,game24,984,1362,1280,103.0,0.34,335,984,2026-09-13 22:08:50
vllm_apc,game24,992,1362,1280,106.0,0.339,336,992,2026-09-13 22:08:55
vllm_apc,game24,1000,1362,1280,103.0,0.338,338,1000,2026-09-13 22:08:59
vllm_apc,game24,1008,1362,1275,108.0,0.337,340,1008,2026-09-13 22:09:03
vllm_apc,game24,1016,1362,1279,103.0,0.337,342,1016,2026-09-13 22:09:07
vllm_apc,game24,1024,1362,1278,103.0,0.336,344,1024,2026-09-13 22:09:11
vllm_apc,game24,1032,1362,1279,103.0,0.333,344,1032,2026-09-13 22:09:15
vllm_apc,game24,1040,1362,1281,104.0,0.335,348,1040,2026-09-13 22:09:19
vllm_apc,game24,1048,1362,1280,105.0,0.333,349,1048,2026-09-13 22:09:24
vllm_apc,game24,1056,1362,1281,105.0,0.331,350,1056,2026-09-13 22:09:28
vllm_apc,game24,1064,1362,1279,103.0,0.329,350,1064,2026-09-13 22:09:32
vllm_apc,game24,1072,1362,1277,105.0,0.328,352,1072,2026-09-13 22:09:36
vllm_apc,game24,1080,1362,1278,103.0,0.326,352,1080,2026-09-13 22:09:40
vllm_apc,game24,1088,1362,1282,114.0,0.324,352,1088,2026-09-13 22:09:44
vllm_apc,game24,1096,1362,1279,103.0,0.321,352,1096,2026-09-13 22:09:49
vllm_apc,game24,1104,1362,1280,104.0,0.319,352,1104,2026-09-13 22:09:53
vllm_apc,game24,1112,1362,1285,107.0,0.318,354,1112,2026-09-13 22:09:57
vllm_apc,game24,1120,1362,1281,103.0,0.316,354,1120,2026-09-13 22:10:01
vllm_apc,game24,1128,1362,1279,106.0,0.314,354,1128,2026-09-13 22:10:05
vllm_apc,game24,1136,1362,1281,105.0,0.312,355,1136,2026-09-13 22:10:09
vllm_apc,game24,1144,1362,1282,102.0,0.31,355,1144,2026-09-13 22:10:13
vllm_apc,game24,1152,1362,1281,103.0,0.309,356,1152,2026-09-13 22:10:18
vllm_apc,game24,1160,1362,1281,103.0,0.307,356,1160,2026-09-13 22:10:22
vllm_apc,game24,1168,1362,1279,103.0,0.305,356,1168,2026-09-13 22:10:26
vllm_apc,game24,1176,1362,1279,104.0,0.303,356,1176,2026-09-13 22:10:30
vllm_apc,game24,1184,1362,1284,105.0,0.302,357,1184,2026-09-13 22:10:34
vllm_apc,game24,1192,1362,1284,112.0,0.3,358,1192,2026-09-13 22:10:38
vllm_apc,game24,1200,1362,1278,104.0,0.299,359,1200,2026-09-13 22:10:43
vllm_apc,game24,1208,1362,1280,107.0,0.298,360,1208,2026-09-13 22:10:47
vllm_apc,game24,1216,1362,1282,113.0,0.296,360,1216,2026-09-13 22:10:51
vllm_apc,game24,1224,1362,1284,114.0,0.295,361,1224,2026-09-13 22:10:55
vllm_apc,game24,1232,1362,1284,103.0,0.293,361,1232,2026-09-13 22:10:59
vllm_apc,game24,1240,1362,1280,113.0,0.291,361,1240,2026-09-13 22:11:04
vllm_apc,game24,1248,1362,1281,104.0,0.289,361,1248,2026-09-13 22:11:08
vllm_apc,game24,1256,1362,1280,103.0,0.287,361,1256,2026-09-13 22:11:12
vllm_apc,game24,1264,1362,1282,103.0,0.286,361,1264,2026-09-13 22:11:16
vllm_apc,game24,1272,1362,1282,106.0,0.285,362,1272,2026-09-13 22:11:20
vllm_apc,game24,1280,1362,1279,113.0,0.283,362,1280,2026-09-13 22:11:24
vllm_apc,game24,1288,1362,1279,113.0,0.281,362,1288,2026-09-13 22:11:29
vllm_apc,game24,1296,1362,1280,114.0,0.279,362,1296,2026-09-13 22:11:33
vllm_apc,game24,1304,1362,1283,104.0,0.278,362,1304,2026-09-13 22:11:37
vllm_apc,game24,1312,1362,1282,113.0,0.277,363,1312,2026-09-13 22:11:41
vllm_apc,game24,1320,1362,1284,104.0,0.275,363,1320,2026-09-13 22:11:45
vllm_apc,game24,1328,1362,1285,104.0,0.273,363,1328,2026-09-13 22:11:50
vllm_apc,game24,1336,1362,1280,113.0,0.272,364,1336,2026-09-13 22:11:54
vllm_apc,game24,1344,1362,1280,113.0,0.271,364,1344,2026-09-13 22:11:58
vllm_apc,game24,1352,1362,1282,113.0,0.27,365,1352,2026-09-13 22:12:02
vllm_apc,game24,1360,1362,1281,113.0,0.269,366,1360,2026-09-13 22:12:07
vllm_apc,game24,1362,1362,319,57.0,0.269,366,1362,2026-09-13 22:12:10
vllm_apc,gsm8k,8,1319,1414,101.0,0.625,5,8,2026-09-13 21:42:00
vllm_apc,gsm8k,16,1319,1512,88.0,0.75,12,16,2026-09-13 21:42:07
vllm_apc,gsm8k,24,1319,1361,87.0,0.833,20,24,2026-09-13 21:42:13
vllm_apc,gsm8k,32,1319,1408,87.0,0.812,26,32,2026-09-13 21:42:20
vllm_apc,gsm8k,40,1319,1341,77.0,0.85,34,40,2026-09-13 21:42:28
vllm_apc,gsm8k,48,1319,1582,78.0,0.875,42,48,2026-09-13 21:42:34
vllm_apc,gsm8k,56,1319,1412,87.0,0.857,48,56,2026-09-13 21:42:42
vllm_apc,gsm8k,64,1319,1427,87.0,0.844,54,64,2026-09-13 21:42:49
vllm_apc,gsm8k,72,1319,1390,94.0,0.833,60,72,2026-09-13 21:42:56
vllm_apc,gsm8k,80,1319,1462,86.0,0.825,66,80,2026-09-13 21:43:04
vllm_apc,gsm8k,88,1319,1382,87.0,0.807,71,88,2026-09-13 21:43:11
vllm_apc,gsm8k,96,1319,1392,92.0,0.823,79,96,2026-09-13 21:43:15
vllm_apc,gsm8k,104,1319,1517,95.0,0.827,86,104,2026-09-13 21:43:22
vllm_apc,gsm8k,112,1319,1487,86.0,0.83,93,112,2026-09-13 21:43:30
vllm_apc,gsm8k,120,1319,1456,87.0,0.808,97,120,2026-09-13 21:43:37
vllm_apc,gsm8k,128,1319,1421,88.0,0.82,105,128,2026-09-13 21:43:42
vllm_apc,gsm8k,136,1319,1366,86.0,0.831,113,136,2026-09-13 21:43:50
vllm_apc,gsm8k,144,1319,1372,86.0,0.84,121,144,2026-09-13 21:43:57
vllm_apc,gsm8k,152,1319,1632,86.0,0.842,128,152,2026-09-13 21:44:04
vllm_apc,gsm8k,160,1319,1528,96.0,0.838,134,160,2026-09-13 21:44:12
vllm_apc,gsm8k,168,1319,1453,89.0,0.845,142,168,2026-09-13 21:44:16
vllm_apc,gsm8k,176,1319,1425,87.0,0.847,149,176,2026-09-13 21:44:23
vllm_apc,gsm8k,184,1319,1489,90.0,0.842,155,184,2026-09-13 21:44:30
vllm_apc,gsm8k,192,1319,1392,92.0,0.839,161,192,2026-09-13 21:44:38
vllm_apc,gsm8k,200,1319,1456,85.0,0.845,169,200,2026-09-13 21:44:45
vllm_apc,gsm8k,208,1319,1499,88.0,0.846,176,208,2026-09-13 21:44:52
vllm_apc,gsm8k,216,1319,1436,87.0,0.843,182,216,2026-09-13 21:45:00
vllm_apc,gsm8k,224,1319,1325,77.0,0.844,189,224,2026-09-13 21:45:07
vllm_apc,gsm8k,232,1319,1517,88.0,0.841,195,232,2026-09-13 21:45:14
vllm_apc,gsm8k,240,1319,1383,92.0,0.842,202,240,2026-09-13 21:45:22
vllm_apc,gsm8k,248,1319,1460,88.0,0.843,209,248,2026-09-13 21:45:29
vllm_apc,gsm8k,256,1319,1348,86.0,0.84,215,256,2026-09-13 21:45:36
vllm_apc,gsm8k,264,1319,1322,92.0,0.845,223,264,2026-09-13 21:45:42
vllm_apc,gsm8k,272,1319,1463,94.0,0.827,225,272,2026-09-13 21:45:49
vllm_apc,gsm8k,280,1319,1437,87.0,0.832,233,280,2026-09-13 21:45:55
vllm_apc,gsm8k,288,1319,1396,86.0,0.83,239,288,2026-09-13 21:46:02
vllm_apc,gsm8k,296,1319,1463,92.0,0.834,247,296,2026-09-13 21:46:09
vllm_apc,gsm8k,304,1319,1505,92.0,0.832,253,304,2026-09-13 21:46:16
vllm_apc,gsm8k,312,1319,1401,85.0,0.83,259,312,2026-09-13 21:46:24
vllm_apc,gsm8k,320,1319,1382,94.0,0.834,267,320,2026-09-13 21:46:28
vllm_apc,gsm8k,328,1319,1451,95.0,0.838,275,328,2026-09-13 21:46:35
vllm_apc,gsm8k,336,1319,1461,95.0,0.842,283,336,2026-09-13 21:46:40
vllm_apc,gsm8k,344,1319,1453,95.0,0.84,289,344,2026-09-13 21:46:48
vllm_apc,gsm8k,352,1319,1425,95.0,0.844,297,352,2026-09-13 21:46:53
vllm_apc,gsm8k,360,1319,1493,94.0,0.844,304,360,2026-09-13 21:47:00
vllm_apc,gsm8k,368,1319,1463,86.0,0.845,311,368,2026-09-13 21:47:07
vllm_apc,gsm8k,376,1319,1407,87.0,0.84,316,376,2026-09-13 21:47:14
vllm_apc,gsm8k,384,1319,1373,86.0,0.839,322,384,2026-09-13 21:47:22
vllm_apc,gsm8k,392,1319,1419,79.0,0.839,329,392,2026-09-13 21:47:29
vllm_apc,gsm8k,400,1319,1353,77.0,0.84,336,400,2026-09-13 21:47:36
vllm_apc,gsm8k,408,1319,1462,86.0,0.838,342,408,2026-09-13 21:47:43
vllm_apc,gsm8k,416,1319,1573,87.0,0.837,348,416,2026-09-13 21:47:51
vllm_apc,gsm8k,424,1319,1555,87.0,0.837,355,424,2026-09-13 21:47:58
vllm_apc,gsm8k,432,1319,1515,87.0,0.833,360,432,2026-09-13 21:48:06
vllm_apc,gsm8k,440,1319,1442,86.0,0.836,368,440,2026-09-13 21:48:10
vllm_apc,gsm8k,448,1319,1444,87.0,0.837,375,448,2026-09-13 21:48:18
vllm_apc,gsm8k,456,1319,1410,86.0,0.838,382,456,2026-09-13 21:48:21
vllm_apc,gsm8k,464,1319,1426,86.0,0.836,388,464,2026-09-13 21:48:29
vllm_apc,gsm8k,472,1319,1416,85.0,0.835,394,472,2026-09-13 21:48:36
vllm_apc,gsm8k,480,1319,1367,87.0,0.835,401,480,2026-09-13 21:48:43
vllm_apc,gsm8k,488,1319,1388,88.0,0.838,409,488,2026-09-13 21:48:48
vllm_apc,gsm8k,496,1319,1388,94.0,0.833,413,496,2026-09-13 21:48:55
vllm_apc,gsm8k,504,1319,1417,86.0,0.833,420,504,2026-09-13 21:49:02
vllm_apc,gsm8k,512,1319,1469,92.0,0.832,426,512,2026-09-13 21:49:10
vllm_apc,gsm8k,520,1319,1296,95.0,0.831,432,520,2026-09-13 21:49:17
vllm_apc,gsm8k,528,1319,1527,88.0,0.831,439,528,2026-09-13 21:49:24
vllm_apc,gsm8k,536,1319,1427,86.0,0.834,447,536,2026-09-13 21:49:30
vllm_apc,gsm8k,544,1319,1388,87.0,0.835,454,544,2026-09-13 21:49:37
vllm_apc,gsm8k,552,1319,1372,94.0,0.837,462,552,2026-09-13 21:49:41
vllm_apc,gsm8k,560,1319,1385,88.0,0.836,468,560,2026-09-13 21:49:49
vllm_apc,gsm8k,568,1319,1390,77.0,0.836,475,568,2026-09-13 21:49:56
vllm_apc,gsm8k,576,1319,1481,88.0,0.839,483,576,2026-09-13 21:50:02
vllm_apc,gsm8k,584,1319,1431,85.0,0.836,488,584,2026-09-13 21:50:10
vllm_apc,gsm8k,592,1319,1576,88.0,0.836,495,592,2026-09-13 21:50:17
vllm_apc,gsm8k,600,1319,1359,87.0,0.837,502,600,2026-09-13 21:50:24
vllm_apc,gsm8k,608,1319,1471,87.0,0.837,509,608,2026-09-13 21:50:31
vllm_apc,gsm8k,616,1319,1457,86.0,0.838,516,616,2026-09-13 21:50:38
vllm_apc,gsm8k,624,1319,1418,86.0,0.84,524,624,2026-09-13 21:50:42
vllm_apc,gsm8k,632,1319,1406,87.0,0.839,530,632,2026-09-13 21:50:49
vllm_apc,gsm8k,640,1319,1332,95.0,0.839,537,640,2026-09-13 21:50:57
vllm_apc,gsm8k,648,1319,1453,86.0,0.84,544,648,2026-09-13 21:51:04
vllm_apc,gsm8k,656,1319,1476,93.0,0.837,549,656,2026-09-13 21:51:11
vllm_apc,gsm8k,664,1319,1455,85.0,0.839,557,664,2026-09-13 21:51:17
vllm_apc,gsm8k,672,1319,1383,85.0,0.839,564,672,2026-09-13 21:51:25
vllm_apc,gsm8k,680,1319,1445,85.0,0.84,571,680,2026-09-13 21:51:31
vllm_apc,gsm8k,688,1319,1413,86.0,0.839,577,688,2026-09-13 21:51:38
vllm_apc,gsm8k,696,1319,1439,87.0,0.839,584,696,2026-09-13 21:51:46
vllm_apc,gsm8k,704,1319,1572,87.0,0.841,592,704,2026-09-13 21:51:53
vllm_apc,gsm8k,712,1319,1368,93.0,0.84,598,712,2026-09-13 21:52:00
vllm_apc,gsm8k,720,1319,1380,76.0,0.839,604,720,2026-09-13 21:52:08
vllm_apc,gsm8k,728,1319,1525,87.0,0.839,611,728,2026-09-13 21:52:15
vllm_apc,gsm8k,736,1319,1413,85.0,0.84,618,736,2026-09-13 21:52:22
vllm_apc,gsm8k,744,1319,1392,87.0,0.841,626,744,2026-09-13 21:52:26
vllm_apc,gsm8k,752,1319,1501,77.0,0.838,630,752,2026-09-13 21:52:33
vllm_apc,gsm8k,760,1319,1407,87.0,0.837,636,760,2026-09-13 21:52:41
vllm_apc,gsm8k,768,1319,1382,86.0,0.835,641,768,2026-09-13 21:52:48
vllm_apc,gsm8k,776,1319,1456,77.0,0.834,647,776,2026-09-13 21:52:55
vllm_apc,gsm8k,784,1319,1527,86.0,0.833,653,784,2026-09-13 21:53:03
vllm_apc,gsm8k,792,1319,1444,88.0,0.832,659,792,2026-09-13 21:53:10
vllm_apc,gsm8k,800,1319,1464,95.0,0.83,664,800,2026-09-13 21:53:17
vllm_apc,gsm8k,808,1319,1436,78.0,0.832,672,808,2026-09-13 21:53:22
vllm_apc,gsm8k,816,1319,1605,93.0,0.832,679,816,2026-09-13 21:53:29
vllm_apc,gsm8k,824,1319,1422,87.0,0.833,686,824,2026-09-13 21:53:32
vllm_apc,gsm8k,832,1319,1506,87.0,0.833,693,832,2026-09-13 21:53:40
vllm_apc,gsm8k,840,1319,1464,78.0,0.833,700,840,2026-09-13 21:53:47
vllm_apc,gsm8k,848,1319,1362,87.0,0.833,706,848,2026-09-13 21:53:54
vllm_apc,gsm8k,856,1319,1373,87.0,0.832,712,856,2026-09-13 21:54:02
vllm_apc,gsm8k,864,1319,1404,90.0,0.831,718,864,2026-09-13 21:54:09
vllm_apc,gsm8k,872,1319,1427,93.0,0.833,726,872,2026-09-13 21:54:14
vllm_apc,gsm8k,880,1319,1399,87.0,0.833,733,880,2026-09-13 21:54:22
vllm_apc,gsm8k,888,1319,1433,86.0,0.833,740,888,2026-09-13 21:54:29
vllm_apc,gsm8k,896,1319,1387,86.0,0.833,746,896,2026-09-13 21:54:36
vllm_apc,gsm8k,904,1319,1412,86.0,0.833,753,904,2026-09-13 21:54:43
vllm_apc,gsm8k,912,1319,1297,93.0,0.834,761,912,2026-09-13 21:54:49
vllm_apc,gsm8k,920,1319,1421,86.0,0.836,769,920,2026-09-13 21:54:53
vllm_apc,gsm8k,928,1319,1569,88.0,0.837,777,928,2026-09-13 21:54:58
vllm_apc,gsm8k,936,1319,1518,85.0,0.839,785,936,2026-09-13 21:55:03
vllm_apc,gsm8k,944,1319,1506,88.0,0.839,792,944,2026-09-13 21:55:10
vllm_apc,gsm8k,952,1319,1428,87.0,0.839,799,952,2026-09-13 21:55:16
vllm_apc,gsm8k,960,1319,1468,77.0,0.839,805,960,2026-09-13 21:55:23
vllm_apc,gsm8k,968,1319,1602,88.0,0.839,812,968,2026-09-13 21:55:31
vllm_apc,gsm8k,976,1319,1402,78.0,0.84,820,976,2026-09-13 21:55:38
vllm_apc,gsm8k,984,1319,1396,86.0,0.84,827,984,2026-09-13 21:55:45
vllm_apc,gsm8k,992,1319,1458,88.0,0.84,833,992,2026-09-13 21:55:53
vllm_apc,gsm8k,1000,1319,1538,87.0,0.84,840,1000,2026-09-13 21:56:00
vllm_apc,gsm8k,1008,1319,1537,86.0,0.838,845,1008,2026-09-13 21:56:08
vllm_apc,gsm8k,1016,1319,1625,94.0,0.839,852,1016,2026-09-13 21:56:15
vllm_apc,gsm8k,1024,1319,1394,92.0,0.836,856,1024,2026-09-13 21:56:22
vllm_apc,gsm8k,1032,1319,1544,94.0,0.834,861,1032,2026-09-13 21:56:30
vllm_apc,gsm8k,1040,1319,1482,87.0,0.833,866,1040,2026-09-13 21:56:37
vllm_apc,gsm8k,1048,1319,1413,86.0,0.833,873,1048,2026-09-13 21:56:42
vllm_apc,gsm8k,1056,1319,1393,85.0,0.832,879,1056,2026-09-13 21:56:50
vllm_apc,gsm8k,1064,1319,1371,85.0,0.834,887,1064,2026-09-13 21:56:57
vllm_apc,gsm8k,1072,1319,1477,77.0,0.835,895,1072,2026-09-13 21:57:04
vllm_apc,gsm8k,1080,1319,1558,88.0,0.833,900,1080,2026-09-13 21:57:12
vllm_apc,gsm8k,1088,1319,1415,88.0,0.832,905,1088,2026-09-13 21:57:19
vllm_apc,gsm8k,1096,1319,1487,80.0,0.83,910,1096,2026-09-13 21:57:27
vllm_apc,gsm8k,1104,1319,1462,88.0,0.832,918,1104,2026-09-13 21:57:33
vllm_apc,gsm8k,1112,1319,1333,86.0,0.832,925,1112,2026-09-13 21:57:40
vllm_apc,gsm8k,1120,1319,1397,86.0,0.832,932,1120,2026-09-13 21:57:45
vllm_apc,gsm8k,1128,1319,1441,86.0,0.832,939,1128,2026-09-13 21:57:52
vllm_apc,gsm8k,1136,1319,1410,86.0,0.833,946,1136,2026-09-13 21:58:00
vllm_apc,gsm8k,1144,1319,1412,86.0,0.833,953,1144,2026-09-13 21:58:07
vllm_apc,gsm8k,1152,1319,1377,87.0,0.834,961,1152,2026-09-13 21:58:14
vllm_apc,gsm8k,1160,1319,1401,87.0,0.834,967,1160,2026-09-13 21:58:22
vllm_apc,gsm8k,1168,1319,1423,87.0,0.835,975,1168,2026-09-13 21:58:29
vllm_apc,gsm8k,1176,1319,1489,87.0,0.836,983,1176,2026-09-13 21:58:36
vllm_apc,gsm8k,1184,1319,1489,85.0,0.835,989,1184,2026-09-13 21:58:44
vllm_apc,gsm8k,1192,1319,1365,87.0,0.835,995,1192,2026-09-13 21:58:51
vllm_apc,gsm8k,1200,1319,1618,87.0,0.835,1002,1200,2026-09-13 21:58:59
vllm_apc,gsm8k,1208,1319,1430,87.0,0.835,1009,1208,2026-09-13 21:59:06
vllm_apc,gsm8k,1216,1319,1535,88.0,0.836,1017,1216,2026-09-13 21:59:09
vllm_apc,gsm8k,1224,1319,1485,86.0,0.837,1025,1224,2026-09-13 21:59:17
vllm_apc,gsm8k,1232,1319,1398,91.0,0.838,1032,1232,2026-09-13 21:59:24
vllm_apc,gsm8k,1240,1319,1385,88.0,0.838,1039,1240,2026-09-13 21:59:31
vllm_apc,gsm8k,1248,1319,1465,88.0,0.839,1047,1248,2026-09-13 21:59:38
vllm_apc,gsm8k,1256,1319,1542,78.0,0.839,1054,1256,2026-09-13 21:59:46
vllm_apc,gsm8k,1264,1319,1529,88.0,0.84,1062,1264,2026-09-13 21:59:51
vllm_apc,gsm8k,1272,1319,1488,92.0,0.84,1069,1272,2026-09-13 21:59:58
vllm_apc,gsm8k,1280,1319,1435,88.0,0.841,1077,1280,2026-09-13 22:00:03
vllm_apc,gsm8k,1288,1319,1416,85.0,0.842,1085,1288,2026-09-13 22:00:07
vllm_apc,gsm8k,1296,1319,1424,92.0,0.843,1093,1296,2026-09-13 22:00:14
vllm_apc,gsm8k,1304,1319,1485,86.0,0.844,1101,1304,2026-09-13 22:00:21
vllm_apc,gsm8k,1312,1319,1474,87.0,0.844,1107,1312,2026-09-13 22:00:28
vllm_apc,gsm8k,1319,1319,1194,75.0,0.844,1113,1319,2026-09-13 22:00:35
vllm_apc,humaneval,8,164,1452,48.0,0.75,6,8,2026-09-13 22:12:20
vllm_apc,humaneval,16,164,1326,48.0,0.625,10,16,2026-09-13 22:12:30
vllm_apc,humaneval,24,164,1452,48.0,0.667,16,24,2026-09-13 22:12:39
vllm_apc,humaneval,32,164,1268,48.0,0.656,21,32,2026-09-13 22:12:49
vllm_apc,humaneval,40,164,1626,57.0,0.625,25,40,2026-09-13 22:12:59
vllm_apc,humaneval,48,164,1565,58.0,0.625,30,48,2026-09-13 22:13:09
vllm_apc,humaneval,56,164,1318,47.0,0.607,34,56,2026-09-13 22:13:18
vllm_apc,humaneval,64,164,1419,48.0,0.625,40,64,2026-09-13 22:13:28
vllm_apc,humaneval,72,164,1872,58.0,0.597,43,72,2026-09-13 22:13:38
vllm_apc,humaneval,80,164,1970,60.0,0.613,49,80,2026-09-13 22:13:48
vllm_apc,humaneval,88,164,1693,49.0,0.648,57,88,2026-09-13 22:13:58
vllm_apc,humaneval,96,164,1876,51.0,0.656,63,96,2026-09-13 22:14:08
vllm_apc,humaneval,104,164,1587,49.0,0.644,67,104,2026-09-13 22:14:17
vllm_apc,humaneval,112,164,2094,51.0,0.643,72,112,2026-09-13 22:14:27
vllm_apc,humaneval,120,164,2017,48.0,0.65,78,120,2026-09-13 22:14:37
vllm_apc,humaneval,128,164,2211,50.0,0.633,81,128,2026-09-13 22:14:47
vllm_apc,humaneval,136,164,1951,48.0,0.603,82,136,2026-09-13 22:14:57
vllm_apc,humaneval,144,164,1688,49.0,0.611,88,144,2026-09-13 22:15:07
vllm_apc,humaneval,152,164,1791,48.0,0.618,94,152,2026-09-13 22:15:17
vllm_apc,humaneval,160,164,1922,60.0,0.637,102,160,2026-09-13 22:15:27
vllm_apc,humaneval,164,164,805,39.0,0.628,103,164,2026-09-13 22:15:36
vllm_recompute,game24,8,1362,3020,247.0,1.0,8,8,2026-09-13 21:25:47
vllm_recompute,game24,16,1362,3028,251.0,0.875,14,16,2026-09-13 21:25:51
vllm_recompute,game24,24,1362,3032,252.0,0.792,19,24,2026-09-13 21:25:55
vllm_recompute,game24,32,1362,3024,251.0,0.688,22,32,2026-09-13 21:25:59
vllm_recompute,game24,40,1362,3060,251.0,0.675,27,40,2026-09-13 21:26:03
vllm_recompute,game24,48,1362,3052,252.0,0.646,31,48,2026-09-13 21:26:07
vllm_recompute,game24,56,1362,3044,253.0,0.625,35,56,2026-09-13 21:26:11
vllm_recompute,game24,64,1362,3068,254.0,0.609,39,64,2026-09-13 21:26:15
vllm_recompute,game24,72,1362,3048,252.0,0.611,44,72,2026-09-13 21:26:19
vllm_recompute,game24,80,1362,3036,244.0,0.625,50,80,2026-09-13 21:26:23
vllm_recompute,game24,88,1362,3040,243.0,0.602,53,88,2026-09-13 21:26:27
vllm_recompute,game24,96,1362,3032,251.0,0.583,56,96,2026-09-13 21:26:31
vllm_recompute,game24,104,1362,3032,251.0,0.577,60,104,2026-09-13 21:26:35
vllm_recompute,game24,112,1362,3024,251.0,0.571,64,112,2026-09-13 21:26:39
vllm_recompute,game24,120,1362,3044,255.0,0.592,71,120,2026-09-13 21:26:43
vllm_recompute,game24,128,1362,3032,243.0,0.586,75,128,2026-09-13 21:26:47
vllm_recompute,game24,136,1362,3064,247.0,0.588,80,136,2026-09-13 21:26:51
vllm_recompute,game24,144,1362,3036,243.0,0.576,83,144,2026-09-13 21:26:56
vllm_recompute,game24,152,1362,3072,255.0,0.592,90,152,2026-09-13 21:27:00
vllm_recompute,game24,160,1362,3056,252.0,0.581,93,160,2026-09-13 21:27:04
vllm_recompute,game24,168,1362,3044,250.0,0.583,98,168,2026-09-13 21:27:08
vllm_recompute,game24,176,1362,3016,251.0,0.58,102,176,2026-09-13 21:27:12
vllm_recompute,game24,184,1362,3044,251.0,0.582,107,184,2026-09-13 21:27:16
vllm_recompute,game24,192,1362,3032,252.0,0.568,109,192,2026-09-13 21:27:20
vllm_recompute,game24,200,1362,3040,251.0,0.57,114,200,2026-09-13 21:27:24
vllm_recompute,game24,208,1362,3072,253.0,0.558,116,208,2026-09-13 21:27:28
vllm_recompute,game24,216,1362,3040,250.0,0.565,122,216,2026-09-13 21:27:32
vllm_recompute,game24,224,1362,3044,251.0,0.558,125,224,2026-09-13 21:27:37
vllm_recompute,game24,232,1362,3032,251.0,0.543,126,232,2026-09-13 21:27:41
vllm_recompute,game24,240,1362,3036,250.0,0.546,131,240,2026-09-13 21:27:45
vllm_recompute,game24,248,1362,3044,254.0,0.544,135,248,2026-09-13 21:27:49
vllm_recompute,game24,256,1362,3056,252.0,0.531,136,256,2026-09-13 21:27:53
vllm_recompute,game24,264,1362,3028,251.0,0.523,138,264,2026-09-13 21:27:57
vllm_recompute,game24,272,1362,3028,251.0,0.511,139,272,2026-09-13 21:28:01
vllm_recompute,game24,280,1362,3044,251.0,0.504,141,280,2026-09-13 21:28:05
vllm_recompute,game24,288,1362,3036,243.0,0.5,144,288,2026-09-13 21:28:09
vllm_recompute,game24,296,1362,3048,251.0,0.49,145,296,2026-09-13 21:28:14
vllm_recompute,game24,304,1362,3044,252.0,0.49,149,304,2026-09-13 21:28:18
vllm_recompute,game24,312,1362,3060,252.0,0.497,155,312,2026-09-13 21:28:22
vllm_recompute,game24,320,1362,3036,251.0,0.5,160,320,2026-09-13 21:28:26
vllm_recompute,game24,328,1362,3028,252.0,0.5,164,328,2026-09-13 21:28:30
vllm_recompute,game24,336,1362,3020,243.0,0.497,167,336,2026-09-13 21:28:34
vllm_recompute,game24,344,1362,3040,251.0,0.488,168,344,2026-09-13 21:28:38
vllm_recompute,game24,352,1362,3052,254.0,0.491,173,352,2026-09-13 21:28:42
vllm_recompute,game24,360,1362,3032,250.0,0.492,177,360,2026-09-13 21:28:47
vllm_recompute,game24,368,1362,3032,243.0,0.489,180,368,2026-09-13 21:28:51
vllm_recompute,game24,376,1362,3044,250.0,0.481,181,376,2026-09-13 21:28:55
vllm_recompute,game24,384,1362,3052,254.0,0.482,185,384,2026-09-13 21:28:59
vllm_recompute,game24,392,1362,3040,250.0,0.48,188,392,2026-09-13 21:29:03
vllm_recompute,game24,400,1362,3036,251.0,0.475,190,400,2026-09-13 21:29:07
vllm_recompute,game24,408,1362,3060,251.0,0.471,192,408,2026-09-13 21:29:12
vllm_recompute,game24,416,1362,3020,250.0,0.466,194,416,2026-09-13 21:29:16
vllm_recompute,game24,424,1362,3032,252.0,0.467,198,424,2026-09-13 21:29:20
vllm_recompute,game24,432,1362,3048,254.0,0.463,200,432,2026-09-13 21:29:24
vllm_recompute,game24,440,1362,3028,243.0,0.459,202,440,2026-09-13 21:29:28
vllm_recompute,game24,448,1362,3056,252.0,0.458,205,448,2026-09-13 21:29:32
vllm_recompute,game24,456,1362,3032,242.0,0.454,207,456,2026-09-13 21:29:36
vllm_recompute,game24,464,1362,3056,246.0,0.453,210,464,2026-09-13 21:29:41
vllm_recompute,game24,472,1362,3028,251.0,0.449,212,472,2026-09-13 21:29:45
vllm_recompute,game24,480,1362,3044,251.0,0.452,217,480,2026-09-13 21:29:49
vllm_recompute,game24,488,1362,3032,243.0,0.451,220,488,2026-09-13 21:29:53
vllm_recompute,game24,496,1362,3040,246.0,0.456,226,496,2026-09-13 21:29:57
vllm_recompute,game24,504,1362,3032,250.0,0.454,229,504,2026-09-13 21:30:01
vllm_recompute,game24,512,1362,3040,250.0,0.453,232,512,2026-09-13 21:30:06
vllm_recompute,game24,520,1362,3044,252.0,0.454,236,520,2026-09-13 21:30:10
vllm_recompute,game24,528,1362,3012,242.0,0.453,239,528,2026-09-13 21:30:14
vllm_recompute,game24,536,1362,3044,251.0,0.453,243,536,2026-09-13 21:30:18
vllm_recompute,game24,544,1362,3016,252.0,0.449,244,544,2026-09-13 21:30:22
vllm_recompute,game24,552,1362,3032,246.0,0.453,250,552,2026-09-13 21:30:26
vllm_recompute,game24,560,1362,3044,251.0,0.448,251,560,2026-09-13 21:30:31
vllm_recompute,game24,568,1362,3052,251.0,0.447,254,568,2026-09-13 21:30:35
vllm_recompute,game24,576,1362,3024,244.0,0.448,258,576,2026-09-13 21:30:39
vllm_recompute,game24,584,1362,3032,251.0,0.443,259,584,2026-09-13 21:30:43
vllm_recompute,game24,592,1362,3020,252.0,0.439,260,592,2026-09-13 21:30:47
vllm_recompute,game24,600,1362,3032,243.0,0.438,263,600,2026-09-13 21:30:52
vllm_recompute,game24,608,1362,3048,253.0,0.433,263,608,2026-09-13 21:30:56
vllm_recompute,game24,616,1362,3028,250.0,0.432,266,616,2026-09-13 21:31:00
vllm_recompute,game24,624,1362,3052,250.0,0.431,269,624,2026-09-13 21:31:04
vllm_recompute,game24,632,1362,3020,245.0,0.43,272,632,2026-09-13 21:31:08
vllm_recompute,game24,640,1362,3048,253.0,0.428,274,640,2026-09-13 21:31:13
vllm_recompute,game24,648,1362,3024,245.0,0.426,276,648,2026-09-13 21:31:17
vllm_recompute,game24,656,1362,3040,240.0,0.421,276,656,2026-09-13 21:31:21
vllm_recompute,game24,664,1362,3036,250.0,0.42,279,664,2026-09-13 21:31:25
vllm_recompute,game24,672,1362,3032,250.0,0.421,283,672,2026-09-13 21:31:29
vllm_recompute,game24,680,1362,3036,250.0,0.421,286,680,2026-09-13 21:31:34
vllm_recompute,game24,688,1362,3028,250.0,0.42,289,688,2026-09-13 21:31:38
vllm_recompute,game24,696,1362,3028,250.0,0.415,289,696,2026-09-13 21:31:42
vllm_recompute,game24,704,1362,3028,252.0,0.416,293,704,2026-09-13 21:31:46
vllm_recompute,game24,712,1362,3048,251.0,0.413,294,712,2026-09-13 21:31:50
vllm_recompute,game24,720,1362,3036,253.0,0.408,294,720,2026-09-13 21:31:55
vllm_recompute,game24,728,1362,3028,253.0,0.405,295,728,2026-09-13 21:31:59
vllm_recompute,game24,736,1362,3032,250.0,0.404,297,736,2026-09-13 21:32:03
vllm_recompute,game24,744,1362,3032,246.0,0.403,300,744,2026-09-13 21:32:07
vllm_recompute,game24,752,1362,3028,247.0,0.403,303,752,2026-09-13 21:32:12
vllm_recompute,game24,760,1362,3032,251.0,0.401,305,760,2026-09-13 21:32:16
vllm_recompute,game24,768,1362,3032,252.0,0.401,308,768,2026-09-13 21:32:20
vllm_recompute,game24,776,1362,3044,249.0,0.398,309,776,2026-09-13 21:32:24
vllm_recompute,game24,784,1362,3028,245.0,0.395,310,784,2026-09-13 21:32:29
vllm_recompute,game24,792,1362,3028,251.0,0.391,310,792,2026-09-13 21:32:33
vllm_recompute,game24,800,1362,3028,252.0,0.39,312,800,2026-09-13 21:32:37
vllm_recompute,game24,808,1362,3048,250.0,0.389,314,808,2026-09-13 21:32:41
vllm_recompute,game24,816,1362,3036,246.0,0.39,318,816,2026-09-13 21:32:45
vllm_recompute,game24,824,1362,3016,252.0,0.387,319,824,2026-09-13 21:32:50
vllm_recompute,game24,832,1362,3024,252.0,0.387,322,832,2026-09-13 21:32:54
vllm_recompute,game24,840,1362,3028,245.0,0.387,325,840,2026-09-13 21:32:58
vllm_recompute,game24,848,1362,3028,251.0,0.387,328,848,2026-09-13 21:33:02
vllm_recompute,game24,856,1362,3020,245.0,0.386,330,856,2026-09-13 21:33:07
vllm_recompute,game24,864,1362,3024,245.0,0.383,331,864,2026-09-13 21:33:11
vllm_recompute,game24,872,1362,3024,251.0,0.382,333,872,2026-09-13 21:33:15
vllm_recompute,game24,880,1362,3028,252.0,0.38,334,880,2026-09-13 21:33:19
vllm_recompute,game24,888,1362,3048,251.0,0.378,336,888,2026-09-13 21:33:24
vllm_recompute,game24,896,1362,3044,252.0,0.376,337,896,2026-09-13 21:33:28
vllm_recompute,game24,904,1362,3024,242.0,0.374,338,904,2026-09-13 21:33:32
vllm_recompute,game24,912,1362,3028,249.0,0.374,341,912,2026-09-13 21:33:37
vllm_recompute,game24,920,1362,3020,251.0,0.374,344,920,2026-09-13 21:33:41
vllm_recompute,game24,928,1362,3036,252.0,0.374,347,928,2026-09-13 21:33:45
vllm_recompute,game24,936,1362,3036,252.0,0.372,348,936,2026-09-13 21:33:49
vllm_recompute,game24,944,1362,3040,252.0,0.37,349,944,2026-09-13 21:33:54
vllm_recompute,game24,952,1362,3028,245.0,0.369,351,952,2026-09-13 21:33:58
vllm_recompute,game24,960,1362,3036,242.0,0.369,354,960,2026-09-13 21:34:02
vllm_recompute,game24,968,1362,3040,252.0,0.366,354,968,2026-09-13 21:34:06
vllm_recompute,game24,976,1362,3032,251.0,0.364,355,976,2026-09-13 21:34:11
vllm_recompute,game24,984,1362,3032,253.0,0.361,355,984,2026-09-13 21:34:15
vllm_recompute,game24,992,1362,3032,244.0,0.362,359,992,2026-09-13 21:34:19
vllm_recompute,game24,1000,1362,3032,245.0,0.361,361,1000,2026-09-13 21:34:23
vllm_recompute,game24,1008,1362,3012,245.0,0.36,363,1008,2026-09-13 21:34:28
vllm_recompute,game24,1016,1362,3028,245.0,0.357,363,1016,2026-09-13 21:34:32
vllm_recompute,game24,1024,1362,3024,253.0,0.356,365,1024,2026-09-13 21:34:36
vllm_recompute,game24,1032,1362,3028,244.0,0.354,365,1032,2026-09-13 21:34:41
vllm_recompute,game24,1040,1362,3036,251.0,0.355,369,1040,2026-09-13 21:34:45
vllm_recompute,game24,1048,1362,3032,252.0,0.353,370,1048,2026-09-13 21:34:49
vllm_recompute,game24,1056,1362,3036,245.0,0.351,371,1056,2026-09-13 21:34:54
vllm_recompute,game24,1064,1362,3028,245.0,0.349,371,1064,2026-09-13 21:34:58
vllm_recompute,game24,1072,1362,3020,244.0,0.348,373,1072,2026-09-13 21:35:02
vllm_recompute,game24,1080,1362,3024,246.0,0.345,373,1080,2026-09-13 21:35:06
vllm_recompute,game24,1088,1362,3040,242.0,0.343,373,1088,2026-09-13 21:35:11
vllm_recompute,game24,1096,1362,3028,243.0,0.34,373,1096,2026-09-13 21:35:15
vllm_recompute,game24,1104,1362,3032,250.0,0.338,373,1104,2026-09-13 21:35:19
vllm_recompute,game24,1112,1362,3052,254.0,0.336,374,1112,2026-09-13 21:35:24
vllm_recompute,game24,1120,1362,3036,250.0,0.334,374,1120,2026-09-13 21:35:28
vllm_recompute,game24,1128,1362,3028,250.0,0.332,374,1128,2026-09-13 21:35:32
vllm_recompute,game24,1136,1362,3036,251.0,0.33,375,1136,2026-09-13 21:35:36
vllm_recompute,game24,1144,1362,3040,253.0,0.328,375,1144,2026-09-13 21:35:41
vllm_recompute,game24,1152,1362,3036,245.0,0.326,375,1152,2026-09-13 21:35:45
vllm_recompute,game24,1160,1362,3036,246.0,0.323,375,1160,2026-09-13 21:35:49
vllm_recompute,game24,1168,1362,3028,250.0,0.321,375,1168,2026-09-13 21:35:54
vllm_recompute,game24,1176,1362,3028,246.0,0.319,375,1176,2026-09-13 21:35:58
vllm_recompute,game24,1184,1362,3048,253.0,0.317,375,1184,2026-09-13 21:36:02
vllm_recompute,game24,1192,1362,3048,253.0,0.315,376,1192,2026-09-13 21:36:07
vllm_recompute,game24,1200,1362,3024,252.0,0.314,377,1200,2026-09-13 21:36:11
vllm_recompute,game24,1208,1362,3032,250.0,0.313,378,1208,2026-09-13 21:36:15
vllm_recompute,game24,1216,1362,3040,253.0,0.311,378,1216,2026-09-13 21:36:20
vllm_recompute,game24,1224,1362,3048,252.0,0.31,379,1224,2026-09-13 21:36:24
vllm_recompute,game24,1232,1362,3048,246.0,0.308,379,1232,2026-09-13 21:36:28
vllm_recompute,game24,1240,1362,3032,244.0,0.306,379,1240,2026-09-13 21:36:33
vllm_recompute,game24,1248,1362,3036,248.0,0.304,379,1248,2026-09-13 21:36:37
vllm_recompute,game24,1256,1362,3032,252.0,0.302,379,1256,2026-09-13 21:36:41
vllm_recompute,game24,1264,1362,3040,252.0,0.301,380,1264,2026-09-13 21:36:46
vllm_recompute,game24,1272,1362,3040,251.0,0.3,381,1272,2026-09-13 21:36:50
vllm_recompute,game24,1280,1362,3028,241.0,0.298,381,1280,2026-09-13 21:36:54
vllm_recompute,game24,1288,1362,3028,249.0,0.296,381,1288,2026-09-13 21:36:59
vllm_recompute,game24,1296,1362,3032,252.0,0.294,381,1296,2026-09-13 21:37:03
vllm_recompute,game24,1304,1362,3044,251.0,0.293,382,1304,2026-09-13 21:37:07
vllm_recompute,game24,1312,1362,3040,251.0,0.292,383,1312,2026-09-13 21:37:12
vllm_recompute,game24,1320,1362,3048,253.0,0.29,383,1320,2026-09-13 21:37:16
vllm_recompute,game24,1328,1362,3052,246.0,0.288,383,1328,2026-09-13 21:37:20
vllm_recompute,game24,1336,1362,3032,253.0,0.287,384,1336,2026-09-13 21:37:25
vllm_recompute,game24,1344,1362,3032,244.0,0.286,384,1344,2026-09-13 21:37:29
vllm_recompute,game24,1352,1362,3040,247.0,0.285,385,1352,2026-09-13 21:37:33
vllm_recompute,game24,1360,1362,3036,244.0,0.283,385,1360,2026-09-13 21:37:38
vllm_recompute,game24,1362,1362,754,65.0,0.283,385,1362,2026-09-13 21:37:42
vllm_recompute,gsm8k,8,1319,4072,342.0,0.875,7,8,2026-09-13 21:06:16
vllm_recompute,gsm8k,16,1319,4464,352.0,0.875,14,16,2026-09-13 21:06:23
vllm_recompute,gsm8k,24,1319,3860,302.0,0.875,21,24,2026-09-13 21:06:31
vllm_recompute,gsm8k,32,1319,4048,311.0,0.875,28,32,2026-09-13 21:06:38
vllm_recompute,gsm8k,40,1319,3780,302.0,0.9,36,40,2026-09-13 21:06:46
vllm_recompute,gsm8k,48,1319,4744,372.0,0.917,44,48,2026-09-13 21:06:50
vllm_recompute,gsm8k,56,1319,4064,321.0,0.893,50,56,2026-09-13 21:06:57
vllm_recompute,gsm8k,64,1319,4124,324.0,0.875,56,64,2026-09-13 21:07:05
vllm_recompute,gsm8k,72,1319,3976,321.0,0.875,63,72,2026-09-13 21:07:13
vllm_recompute,gsm8k,80,1319,4264,334.0,0.863,69,80,2026-09-13 21:07:20
vllm_recompute,gsm8k,88,1319,3944,314.0,0.852,75,88,2026-09-13 21:07:28
vllm_recompute,gsm8k,96,1319,3984,308.0,0.865,83,96,2026-09-13 21:07:32
vllm_recompute,gsm8k,104,1319,4484,349.0,0.865,90,104,2026-09-13 21:07:39
vllm_recompute,gsm8k,112,1319,4364,349.0,0.866,97,112,2026-09-13 21:07:47
vllm_recompute,gsm8k,120,1319,4240,341.0,0.842,101,120,2026-09-13 21:07:55
vllm_recompute,gsm8k,128,1319,4100,323.0,0.852,109,128,2026-09-13 21:08:00
vllm_recompute,gsm8k,136,1319,3880,315.0,0.86,117,136,2026-09-13 21:08:08
vllm_recompute,gsm8k,144,1319,3904,304.0,0.868,125,144,2026-09-13 21:08:15
vllm_recompute,gsm8k,152,1319,4944,392.0,0.868,132,152,2026-09-13 21:08:23
vllm_recompute,gsm8k,160,1319,4528,353.0,0.869,139,160,2026-09-13 21:08:30
vllm_recompute,gsm8k,168,1319,4228,337.0,0.875,147,168,2026-09-13 21:08:37
vllm_recompute,gsm8k,176,1319,4116,322.0,0.881,155,176,2026-09-13 21:08:42
vllm_recompute,gsm8k,184,1319,4372,345.0,0.875,161,184,2026-09-13 21:08:50
vllm_recompute,gsm8k,192,1319,3984,315.0,0.87,167,192,2026-09-13 21:08:57
vllm_recompute,gsm8k,200,1319,4240,334.0,0.875,175,200,2026-09-13 21:09:04
vllm_recompute,gsm8k,208,1319,4412,351.0,0.875,182,208,2026-09-13 21:09:12
vllm_recompute,gsm8k,216,1319,4160,328.0,0.87,188,216,2026-09-13 21:09:20
vllm_recompute,gsm8k,224,1319,3716,302.0,0.866,194,224,2026-09-13 21:09:27
vllm_recompute,gsm8k,232,1319,4484,362.0,0.862,200,232,2026-09-13 21:09:35
vllm_recompute,gsm8k,240,1319,3948,304.0,0.863,207,240,2026-09-13 21:09:42
vllm_recompute,gsm8k,248,1319,4256,337.0,0.859,213,248,2026-09-13 21:09:50
vllm_recompute,gsm8k,256,1319,3808,298.0,0.855,219,256,2026-09-13 21:09:57
vllm_recompute,gsm8k,264,1319,3704,300.0,0.86,227,264,2026-09-13 21:10:03
vllm_recompute,gsm8k,272,1319,4268,335.0,0.853,232,272,2026-09-13 21:10:11
vllm_recompute,gsm8k,280,1319,4164,325.0,0.857,240,280,2026-09-13 21:10:16
vllm_recompute,gsm8k,288,1319,4000,311.0,0.858,247,288,2026-09-13 21:10:24
vllm_recompute,gsm8k,296,1319,4268,335.0,0.858,254,296,2026-09-13 21:10:32
vllm_recompute,gsm8k,304,1319,4436,348.0,0.855,260,304,2026-09-13 21:10:39
vllm_recompute,gsm8k,312,1319,4020,309.0,0.853,266,312,2026-09-13 21:10:47
vllm_recompute,gsm8k,320,1319,3944,315.0,0.856,274,320,2026-09-13 21:10:52
vllm_recompute,gsm8k,328,1319,4220,335.0,0.857,281,328,2026-09-13 21:11:00
vllm_recompute,gsm8k,336,1319,4260,335.0,0.86,289,336,2026-09-13 21:11:07
vllm_recompute,gsm8k,344,1319,4228,334.0,0.858,295,344,2026-09-13 21:11:15
vllm_recompute,gsm8k,352,1319,4116,322.0,0.861,303,352,2026-09-13 21:11:20
vllm_recompute,gsm8k,360,1319,4388,345.0,0.861,310,360,2026-09-13 21:11:27
vllm_recompute,gsm8k,368,1319,4268,336.0,0.861,317,368,2026-09-13 21:11:35
vllm_recompute,gsm8k,376,1319,4044,310.0,0.854,321,376,2026-09-13 21:11:42
vllm_recompute,gsm8k,384,1319,3908,304.0,0.854,328,384,2026-09-13 21:11:50
vllm_recompute,gsm8k,392,1319,4092,322.0,0.855,335,392,2026-09-13 21:11:57
vllm_recompute,gsm8k,400,1319,3828,302.0,0.85,340,400,2026-09-13 21:12:05
vllm_recompute,gsm8k,408,1319,4264,337.0,0.848,346,408,2026-09-13 21:12:11
vllm_recompute,gsm8k,416,1319,4708,375.0,0.846,352,416,2026-09-13 21:12:19
vllm_recompute,gsm8k,424,1319,4636,363.0,0.844,358,424,2026-09-13 21:12:27
vllm_recompute,gsm8k,432,1319,4476,355.0,0.84,363,432,2026-09-13 21:12:34
vllm_recompute,gsm8k,440,1319,4184,334.0,0.843,371,440,2026-09-13 21:12:39
vllm_recompute,gsm8k,448,1319,4192,334.0,0.844,378,448,2026-09-13 21:12:47
vllm_recompute,gsm8k,456,1319,4056,328.0,0.844,385,456,2026-09-13 21:12:51
vllm_recompute,gsm8k,464,1319,4120,321.0,0.845,392,464,2026-09-13 21:12:59
vllm_recompute,gsm8k,472,1319,4080,316.0,0.843,398,472,2026-09-13 21:13:07
vllm_recompute,gsm8k,480,1319,3884,309.0,0.844,405,480,2026-09-13 21:13:14
vllm_recompute,gsm8k,488,1319,3968,316.0,0.846,413,488,2026-09-13 21:13:18
vllm_recompute,gsm8k,496,1319,3968,316.0,0.845,419,496,2026-09-13 21:13:26
vllm_recompute,gsm8k,504,1319,4084,322.0,0.845,426,504,2026-09-13 21:13:33
vllm_recompute,gsm8k,512,1319,4292,341.0,0.842,431,512,2026-09-13 21:13:41
vllm_recompute,gsm8k,520,1319,3600,289.0,0.84,437,520,2026-09-13 21:13:49
vllm_recompute,gsm8k,528,1319,4524,356.0,0.841,444,528,2026-09-13 21:13:56
vllm_recompute,gsm8k,536,1319,4124,322.0,0.841,451,536,2026-09-13 21:14:04
vllm_recompute,gsm8k,544,1319,3968,309.0,0.842,458,544,2026-09-13 21:14:11
vllm_recompute,gsm8k,552,1319,3904,311.0,0.844,466,552,2026-09-13 21:14:17
vllm_recompute,gsm8k,560,1319,3956,309.0,0.845,473,560,2026-09-13 21:14:24
vllm_recompute,gsm8k,568,1319,3976,319.0,0.845,480,568,2026-09-13 21:14:32
vllm_recompute,gsm8k,576,1319,4340,339.0,0.847,488,576,2026-09-13 21:14:38
vllm_recompute,gsm8k,584,1319,4140,327.0,0.844,493,584,2026-09-13 21:14:46
vllm_recompute,gsm8k,592,1319,4720,363.0,0.845,500,592,2026-09-13 21:14:53
vllm_recompute,gsm8k,600,1319,3852,306.0,0.845,507,600,2026-09-13 21:15:00
vllm_recompute,gsm8k,608,1319,4300,344.0,0.844,513,608,2026-09-13 21:15:08
vllm_recompute,gsm8k,616,1319,4244,341.0,0.843,519,616,2026-09-13 21:15:15
vllm_recompute,gsm8k,624,1319,4088,312.0,0.843,526,624,2026-09-13 21:15:23
vllm_recompute,gsm8k,632,1319,4040,310.0,0.843,533,632,2026-09-13 21:15:30
vllm_recompute,gsm8k,640,1319,3744,301.0,0.844,540,640,2026-09-13 21:15:38
vllm_recompute,gsm8k,648,1319,4228,332.0,0.846,548,648,2026-09-13 21:15:43
vllm_recompute,gsm8k,656,1319,4320,347.0,0.843,553,656,2026-09-13 21:15:51
vllm_recompute,gsm8k,664,1319,4236,336.0,0.843,560,664,2026-09-13 21:15:59
vllm_recompute,gsm8k,672,1319,3948,303.0,0.844,567,672,2026-09-13 21:16:06
vllm_recompute,gsm8k,680,1319,4196,329.0,0.844,574,680,2026-09-13 21:16:12
vllm_recompute,gsm8k,688,1319,4068,317.0,0.844,581,688,2026-09-13 21:16:20
vllm_recompute,gsm8k,696,1319,4172,329.0,0.845,588,696,2026-09-13 21:16:28
vllm_recompute,gsm8k,704,1319,4704,369.0,0.845,595,704,2026-09-13 21:16:35
vllm_recompute,gsm8k,712,1319,3888,303.0,0.846,602,712,2026-09-13 21:16:43
vllm_recompute,gsm8k,720,1319,3936,314.0,0.844,608,720,2026-09-13 21:16:50
vllm_recompute,gsm8k,728,1319,4516,350.0,0.845,615,728,2026-09-13 21:16:58
vllm_recompute,gsm8k,736,1319,4068,316.0,0.845,622,736,2026-09-13 21:17:05
vllm_recompute,gsm8k,744,1319,3984,309.0,0.847,630,744,2026-09-13 21:17:09
vllm_recompute,gsm8k,752,1319,4420,350.0,0.846,636,752,2026-09-13 21:17:17
vllm_recompute,gsm8k,760,1319,4044,319.0,0.846,643,760,2026-09-13 21:17:24
vllm_recompute,gsm8k,768,1319,3944,322.0,0.844,648,768,2026-09-13 21:17:32
vllm_recompute,gsm8k,776,1319,4240,335.0,0.843,654,776,2026-09-13 21:17:39
vllm_recompute,gsm8k,784,1319,4524,352.0,0.842,660,784,2026-09-13 21:17:47
vllm_recompute,gsm8k,792,1319,4192,328.0,0.841,666,792,2026-09-13 21:17:54
vllm_recompute,gsm8k,800,1319,4272,336.0,0.839,671,800,2026-09-13 21:18:02
vllm_recompute,gsm8k,808,1319,4160,324.0,0.84,679,808,2026-09-13 21:18:06
vllm_recompute,gsm8k,816,1319,4836,378.0,0.841,686,816,2026-09-13 21:18:14
vllm_recompute,gsm8k,824,1319,4104,321.0,0.84,692,824,2026-09-13 21:18:22
vllm_recompute,gsm8k,832,1319,4440,349.0,0.839,698,832,2026-09-13 21:18:29
vllm_recompute,gsm8k,840,1319,4272,335.0,0.838,704,840,2026-09-13 21:18:37
vllm_recompute,gsm8k,848,1319,3864,307.0,0.838,711,848,2026-09-13 21:18:44
vllm_recompute,gsm8k,856,1319,3908,310.0,0.838,717,856,2026-09-13 21:18:52
vllm_recompute,gsm8k,864,1319,4032,321.0,0.838,724,864,2026-09-13 21:18:59
vllm_recompute,gsm8k,872,1319,4124,327.0,0.839,732,872,2026-09-13 21:19:05
vllm_recompute,gsm8k,880,1319,4012,311.0,0.84,739,880,2026-09-13 21:19:13
vllm_recompute,gsm8k,888,1319,4148,326.0,0.84,746,888,2026-09-13 21:19:20
vllm_recompute,gsm8k,896,1319,3964,309.0,0.84,753,896,2026-09-13 21:19:28
vllm_recompute,gsm8k,904,1319,4064,311.0,0.841,760,904,2026-09-13 21:19:35
vllm_recompute,gsm8k,912,1319,3604,288.0,0.842,768,912,2026-09-13 21:19:41
vllm_recompute,gsm8k,920,1319,4100,322.0,0.843,776,920,2026-09-13 21:19:45
vllm_recompute,gsm8k,928,1319,4692,377.0,0.845,784,928,2026-09-13 21:19:51
vllm_recompute,gsm8k,936,1319,4488,363.0,0.846,792,936,2026-09-13 21:19:55
vllm_recompute,gsm8k,944,1319,4440,352.0,0.846,799,944,2026-09-13 21:20:03
vllm_recompute,gsm8k,952,1319,4128,333.0,0.847,806,952,2026-09-13 21:20:09
vllm_recompute,gsm8k,960,1319,4288,332.0,0.845,811,960,2026-09-13 21:20:17
vllm_recompute,gsm8k,968,1319,4824,379.0,0.844,817,968,2026-09-13 21:20:24
vllm_recompute,gsm8k,976,1319,4024,310.0,0.845,825,976,2026-09-13 21:20:32
vllm_recompute,gsm8k,984,1319,4000,323.0,0.846,832,984,2026-09-13 21:20:39
vllm_recompute,gsm8k,992,1319,4248,330.0,0.845,838,992,2026-09-13 21:20:47
vllm_recompute,gsm8k,1000,1319,4568,358.0,0.846,846,1000,2026-09-13 21:20:54
vllm_recompute,gsm8k,1008,1319,4564,372.0,0.844,851,1008,2026-09-13 21:21:02
vllm_recompute,gsm8k,1016,1319,4916,385.0,0.844,858,1016,2026-09-13 21:21:10
vllm_recompute,gsm8k,1024,1319,3992,326.0,0.842,862,1024,2026-09-13 21:21:18
vllm_recompute,gsm8k,1032,1319,4592,353.0,0.841,868,1032,2026-09-13 21:21:25
vllm_recompute,gsm8k,1040,1319,4344,334.0,0.839,873,1040,2026-09-13 21:21:33
vllm_recompute,gsm8k,1048,1319,4068,312.0,0.84,880,1048,2026-09-13 21:21:40
vllm_recompute,gsm8k,1056,1319,3988,315.0,0.84,887,1056,2026-09-13 21:21:48
vllm_recompute,gsm8k,1064,1319,3900,319.0,0.84,894,1064,2026-09-13 21:21:55
vllm_recompute,gsm8k,1072,1319,4324,344.0,0.841,902,1072,2026-09-13 21:22:03
vllm_recompute,gsm8k,1080,1319,4648,363.0,0.84,907,1080,2026-09-13 21:22:11
vllm_recompute,gsm8k,1088,1319,4076,322.0,0.839,913,1088,2026-09-13 21:22:18
vllm_recompute,gsm8k,1096,1319,4364,348.0,0.839,920,1096,2026-09-13 21:22:26
vllm_recompute,gsm8k,1104,1319,4264,341.0,0.841,928,1104,2026-09-13 21:22:33
vllm_recompute,gsm8k,1112,1319,3748,302.0,0.842,936,1112,2026-09-13 21:22:40
vllm_recompute,gsm8k,1120,1319,4004,309.0,0.842,943,1120,2026-09-13 21:22:45
vllm_recompute,gsm8k,1128,1319,4180,326.0,0.842,950,1128,2026-09-13 21:22:52
vllm_recompute,gsm8k,1136,1319,4056,321.0,0.843,958,1136,2026-09-13 21:23:00
vllm_recompute,gsm8k,1144,1319,4064,311.0,0.843,964,1144,2026-09-13 21:23:08
vllm_recompute,gsm8k,1152,1319,3924,303.0,0.844,972,1152,2026-09-13 21:23:15
vllm_recompute,gsm8k,1160,1319,4020,318.0,0.841,976,1160,2026-09-13 21:23:23
vllm_recompute,gsm8k,1168,1319,4108,320.0,0.841,982,1168,2026-09-13 21:23:30
vllm_recompute,gsm8k,1176,1319,4372,344.0,0.84,988,1176,2026-09-13 21:23:38
vllm_recompute,gsm8k,1184,1319,4372,345.0,0.84,995,1184,2026-09-13 21:23:46
vllm_recompute,gsm8k,1192,1319,3876,310.0,0.84,1001,1192,2026-09-13 21:23:53
vllm_recompute,gsm8k,1200,1319,4888,386.0,0.84,1008,1200,2026-09-13 21:24:01
vllm_recompute,gsm8k,1208,1319,4136,324.0,0.839,1014,1208,2026-09-13 21:24:09
vllm_recompute,gsm8k,1216,1319,4556,357.0,0.84,1022,1216,2026-09-13 21:24:14
vllm_recompute,gsm8k,1224,1319,4356,347.0,0.841,1029,1224,2026-09-13 21:24:22
vllm_recompute,gsm8k,1232,1319,4008,316.0,0.841,1036,1232,2026-09-13 21:24:29
vllm_recompute,gsm8k,1240,1319,3956,314.0,0.841,1043,1240,2026-09-13 21:24:37
vllm_recompute,gsm8k,1248,1319,4276,342.0,0.842,1051,1248,2026-09-13 21:24:42
vllm_recompute,gsm8k,1256,1319,4584,356.0,0.842,1058,1256,2026-09-13 21:24:49
vllm_recompute,gsm8k,1264,1319,4532,356.0,0.843,1066,1264,2026-09-13 21:24:55
vllm_recompute,gsm8k,1272,1319,4368,344.0,0.844,1073,1272,2026-09-13 21:25:02
vllm_recompute,gsm8k,1280,1319,4156,327.0,0.845,1081,1280,2026-09-13 21:25:07
vllm_recompute,gsm8k,1288,1319,4080,322.0,0.845,1089,1288,2026-09-13 21:25:13
vllm_recompute,gsm8k,1296,1319,4112,322.0,0.846,1097,1296,2026-09-13 21:25:20
vllm_recompute,gsm8k,1304,1319,4356,344.0,0.847,1105,1304,2026-09-13 21:25:28
vllm_recompute,gsm8k,1312,1319,4312,343.0,0.847,1111,1312,2026-09-13 21:25:35
vllm_recompute,gsm8k,1319,1319,3390,270.0,0.847,1117,1319,2026-09-13 21:25:43
vllm_recompute,humaneval,8,164,2760,215.0,0.75,6,8,2026-09-13 21:37:51
vllm_recompute,humaneval,16,164,2508,215.0,0.625,10,16,2026-09-13 21:38:01
vllm_recompute,humaneval,24,164,2760,238.0,0.667,16,24,2026-09-13 21:38:11
vllm_recompute,humaneval,32,164,2392,203.0,0.656,21,32,2026-09-13 21:38:20
vllm_recompute,humaneval,40,164,3108,246.0,0.625,25,40,2026-09-13 21:38:30
vllm_recompute,humaneval,48,164,2986,243.0,0.625,30,48,2026-09-13 21:38:40
vllm_recompute,humaneval,56,164,2492,220.0,0.607,34,56,2026-09-13 21:38:49
vllm_recompute,humaneval,64,164,2694,228.0,0.625,40,64,2026-09-13 21:38:59
vllm_recompute,humaneval,72,164,3600,287.0,0.611,44,72,2026-09-13 21:39:09
vllm_recompute,humaneval,80,164,3796,304.0,0.625,50,80,2026-09-13 21:39:19
vllm_recompute,humaneval,88,164,3242,265.0,0.659,58,88,2026-09-13 21:39:29
vllm_recompute,humaneval,96,164,3608,289.0,0.667,64,96,2026-09-13 21:39:39
vllm_recompute,humaneval,104,164,3030,250.0,0.654,68,104,2026-09-13 21:39:48
vllm_recompute,humaneval,112,164,4044,315.0,0.652,73,112,2026-09-13 21:39:58
vllm_recompute,humaneval,120,164,3890,310.0,0.658,79,120,2026-09-13 21:40:08
vllm_recompute,humaneval,128,164,4278,332.0,0.641,82,128,2026-09-13 21:40:18
vllm_recompute,humaneval,136,164,3758,295.0,0.61,83,136,2026-09-13 21:40:28
vllm_recompute,humaneval,144,164,3232,254.0,0.618,89,144,2026-09-13 21:40:38
vllm_recompute,humaneval,152,164,3438,282.0,0.625,95,152,2026-09-13 21:40:48
vllm_recompute,humaneval,160,164,3700,291.0,0.644,103,160,2026-09-13 21:40:58
vllm_recompute,humaneval,164,164,1538,142.0,0.634,104,164,2026-09-13 21:41:07
